,voltage_charger,temperature_battery
count,471704.0,471704.0
mean,7.383968999626886,33.66724333480318
std,1.3521510910678687,13.972466134169853
min,-0.121,0.0
25%,6.011,23.428
50%,8.199,26.628
75%,8.293,45.949
max,9.161,73.162
