,voltage_load,current_load,temperature_mosfet,temperature_resistor
count,89844.0,89844.0,89844.0,89844.0
mean,6.4889974400071235,12.920632459661546,29.56669961266195,28.869239459507593
std,0.7019461381299721,6.150414816899693,3.1302264618971085,3.7943916681346486
min,-0.027,0.15,21.15,22.2
25%,6.05,2.523,25.18,23.19
50%,6.425,16.415264936978552,31.12,31.1
75%,6.858,16.690555934537947,31.98,31.63
max,8.721,16.877017215505038,33.42,32.52
