,voltage_charger,temperature_battery
count,245491.0,245491.0
mean,7.526868198834171,28.080666240310237
std,1.7980249492486646,10.291194828945251
min,-0.118,0.0
25%,8.169,22.534
50%,8.277,23.009
75%,8.369,25.661
max,9.155,65.965
