,voltage_charger,temperature_battery
count,1773967.0,1773967.0
mean,7.529921070685074,30.91856675349656
std,1.0589066486487952,9.944639493820695
min,-0.072,0.0
25%,6.144,23.401
50%,8.171,26.655
75%,8.243,37.423
max,8.7,64.02600000000001
