,voltage_load,current_load,temperature_mosfet,temperature_resistor
count,160601.0,160601.0,160601.0,160601.0
mean,6.614485389256606,12.036143436726462,30.006504816283833,28.280099127651766
std,0.6729922618484423,5.3477091939202275,2.981523327655379,3.211385881762089
min,-0.027,0.15,21.48,21.67
25%,6.204,14.784645679821844,26.5,24.59
50%,6.581,14.993593376512043,31.41,30.17
75%,6.99,15.090126599980646,32.13,30.78
max,8.74,15.349312335697588,34.09,31.64
