,voltage_load,current_load,temperature_mosfet,temperature_resistor
count,18927.0,18927.0,18927.0,18927.0
mean,6.653622602631161,13.079693534866891,28.831669572568288,29.925494795794368
std,0.7342559903827875,8.253378823288603,3.3861504110776353,5.664599743466853
min,-0.026,0.15,19.57,22.59
25%,6.191,2.521,24.87,22.96
50%,6.612,19.42440960992956,30.36,33.13
75%,7.0305,19.584991153412442,31.86,35.17
max,8.707,19.78193797274949,33.61,36.09
