,voltage_load,current_load,temperature_mosfet,temperature_resistor
count,240239.0,240239.0,240239.0,240239.0
mean,6.486917602887125,8.563160643511065,28.44473307830952,25.23316884435916
std,0.624193623286155,2.8657954968209003,1.9383996071886695,1.2884013576978497
min,-0.027,0.15,21.15,21.62
25%,6.121,9.771637556642776,28.2,24.5
50%,6.483,9.87744079058248,29.25,25.77
75%,6.872999999999999,9.963070836723569,29.76,26.2
max,8.726,10.570936917139155,30.92,27.2
