,voltage_charger,temperature_battery
count,654715.0,654715.0
mean,7.34563119830766,35.169514413141606
std,1.0639200487725455,13.35071896334892
min,0.0,0.0
25%,6.186,26.048
50%,8.149,28.864
75%,8.248,43.857
max,8.776,80.314
