,voltage_charger,temperature_battery
count,89968.0,89968.0
mean,7.40789170593989,32.53252051840654
std,0.9970989270256324,19.68257751777773
min,-0.115,0.0
25%,6.744,22.251
50%,8.227,22.79
75%,8.311,27.856
max,9.161,109.165
