,voltage_load,current_load,temperature_mosfet,temperature_resistor
count,106006.0,106006.0,106006.0,106006.0
mean,6.5081186630945425,12.800680335395356,29.45078599324567,28.692611361621037
std,0.7052103597179935,6.328622130327312,3.174423357667565,3.8759010841263914
min,-0.027,0.15,18.22,22.01
25%,6.067,2.5210000000000004,25.19,23.14
50%,6.45,16.528083737421255,31.06,31.04
75%,6.88,16.846304863157865,31.94,31.7
max,8.703,19.39103958783065,33.46,35.16
