,voltage_charger,temperature_battery
count,752586.0,752586.0
mean,7.680653713994151,31.41592510490496
std,0.8727931228587366,10.809760280053297
min,-0.068,0.0
25%,6.365,23.944
50%,8.167,26.506
75%,8.209,32.391
max,8.958,65.737
