,voltage_charger,temperature_battery
count,238547.0,238547.0
mean,7.757065211467761,29.24810649054484
std,0.560456201310169,3.1505906341589816
min,-0.117,22.224
25%,7.324,27.444
50%,7.768,28.193
75%,8.273,30.247
max,8.63,40.638
