,voltage_charger,temperature_battery
count,1117430.0,1117385.0
mean,7.57331051788479,31.62924114338389
std,1.2713122710043965,13.351655212272094
min,-0.119,-102.531
25%,6.143,22.994
50%,8.204,25.649
75%,8.267999999999999,30.446
max,9.158,78.719
