,voltage_load,current_load,temperature_mosfet,temperature_resistor
count,46680.0,46680.0,46680.0,46680.0
mean,6.609433354755785,14.592001774663839,30.029673736075406,30.48128620394173
std,0.7196427203190003,7.8425340927647955,3.6173997017497834,5.3897699267050765
min,-0.026,0.15,22.22,22.4
25%,6.172,2.521,25.18,22.92
50%,6.529,19.57604234,31.85,33.6
75%,6.93,19.749252220000002,32.97,35.08
max,8.735,20.04214987,34.81,36.19
