,voltage_load,current_load,temperature_mosfet,temperature_resistor
count,759722.0,759722.0,759722.0,759722.0
mean,6.690558275263848,8.454312862774822,29.011651854230884,25.38475980687673
std,0.6359271561981149,2.6953693713581752,1.9966680063948443,1.161310621576657
min,-0.027,0.15,21.46,21.66
25%,6.31,9.315995920803038,28.92,25.38
50%,6.714,9.675995234629504,29.75,25.83
75%,7.099,9.791817820629388,30.28,26.08
max,8.748,10.47350300195046,33.38,30.41
