,voltage_charger,temperature_battery
count,492091.0,492091.0
mean,7.506896984500836,33.98791374969264
std,1.2549134970764555,18.68102640467007
min,-0.06,0.0
25%,7.385,22.714
50%,8.171,25.408
75%,8.245,30.907
max,9.176,102.053
