,voltage_load,current_load,temperature_mosfet,temperature_resistor
count,312623.0,312623.0,312623.0,312623.0
mean,6.624217939818888,10.964978191661306,29.87013009279548,27.121484983510495
std,0.6494006394203634,4.5659318843535,2.824148121707669,2.4166492604339287
min,-0.027,0.15,21.83,22.0
25%,6.235,12.989348125641827,28.06,25.61
50%,6.597,13.280242536622938,31.15,28.38
75%,7.004,13.643826400689541,31.81,28.81
max,8.741,13.881119742092062,34.73,31.58
