,voltage_charger,temperature_battery
count,927643.0,927643.0
mean,7.3646468954112745,35.86749590197955
std,1.0959880081644866,13.461624348383326
min,0.0,0.0
25%,6.132000000000001,26.013
50%,8.174,29.033
75%,8.261000000000001,46.862
max,8.632,79.946
