,voltage_load,current_load,temperature_mosfet,temperature_resistor
count,260562.0,260562.0,260562.0,260562.0
mean,6.529271908413352,11.673754732661287,29.082590093720498,27.342487814800318
std,0.6772904025946702,5.163700783187421,3.1422432777625438,3.356011238640645
min,-0.027,0.15,19.54,19.75
25%,6.111,13.445680636711604,25.76,23.92
50%,6.497,13.656151865201933,30.0,28.1
75%,6.909,13.743746549373258,31.67,29.3
max,8.737,16.596952202492727,34.13,32.97
