,voltage_load,current_load,temperature_mosfet,temperature_resistor
count,343327.0,343327.0,343327.0,343327.0
mean,6.638116335155696,8.863955425993627,28.320542107087405,25.833105202911508
std,0.6819214522745856,4.699406890971847,2.377325828322013,3.0307095403386213
min,-0.027,0.15,21.29,21.77
25%,6.211,7.371163690225965,27.31,24.11
50%,6.662000000000001,7.4715064000037215,28.42,24.79
75%,7.073,14.965354032073035,29.35,26.07
max,9.058,16.825215388997325,34.12,33.65
