,voltage_load,current_load,temperature_mosfet,temperature_resistor
count,490685.0,490685.0,490685.0,490685.0
mean,6.628820442850301,9.16372760063156,28.394546908913053,25.360134016731717
std,0.6537027258068633,3.830459813755911,2.6288297793541844,2.635021858676017
min,-0.027,0.15,19.26,19.5
25%,6.229,9.666676515924417,26.7,23.22
50%,6.639,9.78395830869628,28.94,25.33
75%,7.039,9.91679950611822,30.03,26.1
max,8.75,16.662537256349655,34.16,33.05
