,voltage_charger,temperature_battery
count,390623.0,390623.0
mean,7.6028246544622355,34.07866846806255
std,1.0662415828454297,18.552329038570004
min,-0.073,0.0
25%,7.188,22.691
50%,8.199,25.47
75%,8.257,30.393
max,9.15,96.12
