,voltage_charger,temperature_battery
count,720269.0,720269.0
mean,7.6060104905250645,35.5459659821539
std,1.6437139191632195,15.162930081194137
min,-0.0579999999999999,0.0
25%,6.169,24.268
50%,8.183,27.935
75%,8.27,48.264
max,12.17,78.924
