,voltage_load,current_load,temperature_mosfet,temperature_resistor
count,748968.0,748968.0,748968.0,748968.0
mean,6.695055493692654,8.465880092131995,29.118427583020896,25.557997818331355
std,0.6370425366094474,2.6751968845107017,2.0514293439749856,1.3433919588902155
min,-0.027,0.15,21.52,21.73
25%,6.31,9.324779247664788,29.06,25.46
50%,6.707000000000001,9.68910034307137,29.85,25.95
75%,7.108,9.760744021747149,30.4,26.18
max,8.73,10.373174551523428,33.74,32.46
