,voltage_charger,temperature_battery
count,1756714.0,1756714.0
mean,7.436211507963168,33.32497871651277
std,1.1649275539976145,11.899977581123522
min,-0.06,0.0
25%,6.095,24.341
50%,8.172,28.417
75%,8.237,41.517
max,9.177,72.733
